<?xml version="1.0" encoding="UTF-8"?>
<project-private xmlns="http://www.netbeans.org/ns/project-private/1">
    <editor-bookmarks xmlns="http://www.netbeans.org/ns/editor-bookmarks/2" lastBookmarkId="0"/>
    <open-files xmlns="http://www.netbeans.org/ns/projectui-open-files/2">
        <group>
            <file>file:/C:/Study/Third%20Year/Basic%20Programming%20in%20internet/HW3-Library/HW3/src/java/repos/dbRecords.java</file>
            <file>file:/C:/Study/Third%20Year/Basic%20Programming%20in%20internet/HW3-Library/HW3/src/java/servlets/srvLogin.java</file>
            <file>file:/C:/Study/Third%20Year/Basic%20Programming%20in%20internet/HW3-Library/HW3/src/java/repos/Context.java</file>
        </group>
    </open-files>
</project-private>
